method,instance,seed,timestep,mean_makespan
ABL_HGT-1Layer,FT06,0,8064,63.0
ABL_HGT-1Layer,FT06,0,16128,85.0
ABL_HGT-1Layer,FT06,0,24048,67.0
ABL_HGT-1Layer,FT06,0,32112,66.0
ABL_HGT-1Layer,FT06,0,40032,64.0
ABL_HGT-1Layer,FT06,0,48096,82.0
ABL_HGT-1Layer,FT06,0,50112,65.0
ABL_HGT-1Layer,FT06,1,8064,68.0
ABL_HGT-1Layer,FT06,1,16128,70.0
ABL_HGT-1Layer,FT06,1,24048,75.0
ABL_HGT-1Layer,FT06,1,32112,63.0
ABL_HGT-1Layer,FT06,1,40032,62.0
ABL_HGT-1Layer,FT06,1,48096,64.0
ABL_HGT-1Layer,FT06,1,50112,66.0
ABL_HGT-1Layer,FT06,2,8064,85.0
ABL_HGT-1Layer,FT06,2,16128,82.0
ABL_HGT-1Layer,FT06,2,24048,62.0
ABL_HGT-1Layer,FT06,2,32112,64.0
ABL_HGT-1Layer,FT06,2,40032,61.0
ABL_HGT-1Layer,FT06,2,48096,66.0
ABL_HGT-1Layer,FT06,2,50112,67.0
ABL_HGT-2Layer,FT06,0,8064,70.0
ABL_HGT-2Layer,FT06,0,16128,68.0
ABL_HGT-2Layer,FT06,0,24048,76.0
ABL_HGT-2Layer,FT06,0,32112,69.0
ABL_HGT-2Layer,FT06,0,40032,66.0
ABL_HGT-2Layer,FT06,0,48096,65.0
ABL_HGT-2Layer,FT06,0,50112,66.0
ABL_HGT-2Layer,FT06,1,8064,66.0
ABL_HGT-2Layer,FT06,1,16128,66.0
ABL_HGT-2Layer,FT06,1,24048,67.0
ABL_HGT-2Layer,FT06,1,32112,62.0
ABL_HGT-2Layer,FT06,1,40032,61.0
ABL_HGT-2Layer,FT06,1,48096,60.0
ABL_HGT-2Layer,FT06,1,50112,59.0
ABL_HGT-2Layer,FT06,2,8064,69.0
ABL_HGT-2Layer,FT06,2,16128,67.0
ABL_HGT-2Layer,FT06,2,24048,63.0
ABL_HGT-2Layer,FT06,2,32112,60.0
ABL_HGT-2Layer,FT06,2,40032,60.0
ABL_HGT-2Layer,FT06,2,48096,57.0
ABL_HGT-2Layer,FT06,2,50112,57.0
ABL_HGT-4Layer,FT06,0,8064,71.0
ABL_HGT-4Layer,FT06,0,16128,69.0
ABL_HGT-4Layer,FT06,0,24048,67.0
ABL_HGT-4Layer,FT06,0,32112,61.0
ABL_HGT-4Layer,FT06,0,40032,60.0
ABL_HGT-4Layer,FT06,0,48096,60.0
ABL_HGT-4Layer,FT06,0,50112,60.0
ABL_HGT-4Layer,FT06,1,8064,74.0
ABL_HGT-4Layer,FT06,1,16128,66.0
ABL_HGT-4Layer,FT06,1,24048,61.0
ABL_HGT-4Layer,FT06,1,32112,65.0
ABL_HGT-4Layer,FT06,1,40032,61.0
ABL_HGT-4Layer,FT06,1,48096,64.0
ABL_HGT-4Layer,FT06,1,50112,64.0
ABL_HGT-4Layer,FT06,2,8064,64.0
ABL_HGT-4Layer,FT06,2,16128,67.0
ABL_HGT-4Layer,FT06,2,24048,62.0
ABL_HGT-4Layer,FT06,2,32112,61.0
ABL_HGT-4Layer,FT06,2,40032,63.0
ABL_HGT-4Layer,FT06,2,48096,61.0
ABL_HGT-4Layer,FT06,2,50112,61.0
GIN,FT06,0,8064,78.0
GIN,FT06,0,16128,114.0
GIN,FT06,0,24048,72.0
GIN,FT06,0,32112,82.0
GIN,FT06,0,40032,65.0
GIN,FT06,0,48096,84.0
GIN,FT06,0,56016,115.0
GIN,FT06,0,60048,88.0
GIN,FT06,1,8064,100.0
GIN,FT06,1,16128,81.0
GIN,FT06,1,24048,77.0
GIN,FT06,1,32112,69.0
GIN,FT06,1,40032,73.0
GIN,FT06,1,48096,80.0
GIN,FT06,1,56016,63.0
GIN,FT06,1,60048,64.0
GIN,FT06,2,8064,82.0
GIN,FT06,2,16128,86.0
GIN,FT06,2,24048,100.0
GIN,FT06,2,32112,110.0
GIN,FT06,2,40032,110.0
GIN,FT06,2,48096,92.0
GIN,FT06,2,50112,109.0
GIN,FT06,3,8064,88.0
GIN,FT06,3,16128,65.0
GIN,FT06,3,24048,82.0
GIN,FT06,3,32112,92.0
GIN,FT06,3,40032,67.0
GIN,FT06,3,48096,70.0
GIN,FT06,3,50112,63.0
GIN,FT06,4,8064,124.0
GIN,FT06,4,16128,107.0
GIN,FT06,4,24048,77.0
GIN,FT06,4,32112,72.0
GIN,FT06,4,40032,66.0
GIN,FT06,4,48096,68.0
GIN,FT06,4,50112,60.0
GIN,FT10,0,8000,2505.0
GIN,FT10,0,16000,3312.0
GIN,FT10,0,24000,2986.0
GIN,FT10,0,32000,2766.0
GIN,FT10,0,40000,2774.0
GIN,FT10,0,48000,2794.0
GIN,FT10,0,50000,2746.0
GIN,FT10,1,8000,1937.0
GIN,FT10,1,16000,2392.0
GIN,FT10,1,24000,1788.0
GIN,FT10,1,32000,2176.0
GIN,FT10,1,40000,1956.0
GIN,FT10,1,48000,2060.0
GIN,FT10,1,50000,2151.0
GIN,FT10,2,8000,1542.0
GIN,FT10,2,16000,1581.0
GIN,FT10,2,24000,2014.0
GIN,FT10,2,32000,1884.0
GIN,FT10,2,40000,1770.0
GIN,FT10,2,48000,1543.0
GIN,FT10,2,50000,1681.0
GIN,FT10,3,8000,2323.0
GIN,FT10,3,16000,2707.0
GIN,FT10,3,24000,2112.0
GIN,FT10,3,32000,2172.0
GIN,FT10,3,40000,2794.0
GIN,FT10,3,48000,2217.0
GIN,FT10,3,50000,2384.0
GIN,FT10,4,8000,2739.0
GIN,FT10,4,16000,2556.0
GIN,FT10,4,24000,2097.0
GIN,FT10,4,32000,2088.0
GIN,FT10,4,40000,2027.0
GIN,FT10,4,48000,2453.0
GIN,FT10,4,50000,2266.0
HGT,FT06,0,8064,70.0
HGT,FT06,0,16128,63.0
HGT,FT06,0,24048,74.0
HGT,FT06,0,32112,61.0
HGT,FT06,0,40032,61.0
HGT,FT06,0,48096,61.0
HGT,FT06,0,56016,61.0
HGT,FT06,0,60048,61.0
HGT,FT06,1,4032,132.0
HGT,FT06,1,8064,63.0
HGT,FT06,1,12096,67.0
HGT,FT06,1,16128,69.0
HGT,FT06,1,20016,69.0
HGT,FT06,1,24048,59.0
HGT,FT06,1,28080,70.0
HGT,FT06,1,32112,88.0
HGT,FT06,1,36000,84.0
HGT,FT06,1,40032,69.0
HGT,FT06,2,4032,91.0
HGT,FT06,2,8064,70.0
HGT,FT06,2,12096,69.0
HGT,FT06,2,16128,66.0
HGT,FT06,2,20016,66.0
HGT,FT06,2,24048,71.0
HGT,FT06,2,28080,59.0
HGT,FT06,2,32112,59.0
HGT,FT06,2,36000,64.0
HGT,FT06,2,40032,59.0
HGT,FT06,3,8064,69.0
HGT,FT06,3,16128,75.0
HGT,FT06,3,24048,71.0
HGT,FT06,3,32112,65.0
HGT,FT06,3,40032,61.0
HGT,FT06,3,48096,59.0
HGT,FT06,3,50112,58.0
HGT,FT06,4,8064,69.0
HGT,FT06,4,16128,68.0
HGT,FT06,4,24048,65.0
HGT,FT06,4,32112,62.0
HGT,FT06,4,40032,61.0
HGT,FT06,4,48096,61.0
HGT,FT06,4,50112,61.0
HGT,FT10,0,4000,2026.0
HGT,FT10,0,8000,1876.0
HGT,FT10,0,12000,1619.0
HGT,FT10,0,16000,1508.0
HGT,FT10,0,20000,1650.0
HGT,FT10,0,24000,2308.0
HGT,FT10,0,28000,2042.0
HGT,FT10,0,32000,2532.0
HGT,FT10,0,36000,1928.0
HGT,FT10,0,40000,2466.0
HGT,FT10,0,44000,2402.0
HGT,FT10,0,48000,2118.0
HGT,FT10,0,52000,1842.0
HGT,FT10,0,56000,2249.0
HGT,FT10,0,60000,1991.0
HGT,FT10,1,4000,2543.0
HGT,FT10,1,8000,2681.0
HGT,FT10,1,12000,2697.0
HGT,FT10,1,16000,2995.0
HGT,FT10,1,20000,3273.0
HGT,FT10,1,24000,2795.0
HGT,FT10,1,28000,2893.0
HGT,FT10,1,32000,1854.0
HGT,FT10,1,36000,2763.0
HGT,FT10,1,40000,2639.0
HGT,FT10,1,44000,2540.0
HGT,FT10,1,48000,2821.0
HGT,FT10,1,52000,2583.0
HGT,FT10,1,56000,2679.0
HGT,FT10,1,60000,1861.0
HGT,FT10,2,8000,3401.0
HGT,FT10,2,16000,3359.0
HGT,FT10,2,24000,2903.0
HGT,FT10,2,32000,1821.0
HGT,FT10,2,40000,2015.0
HGT,FT10,2,48000,1236.0
HGT,FT10,2,50000,1276.0
HGT,FT10,3,8000,2744.0
HGT,FT10,3,16000,3019.0
HGT,FT10,3,24000,1469.0
HGT,FT10,3,32000,1655.0
HGT,FT10,3,40000,1466.0
HGT,FT10,3,48000,1687.0
HGT,FT10,3,50000,2222.0
HGT,FT10,4,8000,2597.0
HGT,FT10,4,16000,2841.0
HGT,FT10,4,24000,2733.0
HGT,FT10,4,32000,2418.0
HGT,FT10,4,40000,2518.0
HGT,FT10,4,48000,1907.0
HGT,FT10,4,50000,2710.0
HomoHGT,FT06,0,8064,102.0
HomoHGT,FT06,0,16128,97.0
HomoHGT,FT06,0,24048,80.0
HomoHGT,FT06,0,32112,86.0
HomoHGT,FT06,0,40032,69.0
HomoHGT,FT06,0,48096,70.0
HomoHGT,FT06,0,56016,70.0
HomoHGT,FT06,0,60048,74.0
HomoHGT,FT06,1,8064,108.0
HomoHGT,FT06,1,16128,102.0
HomoHGT,FT06,1,24048,110.0
HomoHGT,FT06,1,32112,80.0
HomoHGT,FT06,1,40032,79.0
HomoHGT,FT06,1,48096,65.0
HomoHGT,FT06,1,50112,68.0
HomoHGT,FT06,2,8064,111.0
HomoHGT,FT06,2,16128,111.0
HomoHGT,FT06,2,24048,106.0
HomoHGT,FT06,2,32112,111.0
HomoHGT,FT06,2,40032,68.0
HomoHGT,FT06,2,48096,67.0
HomoHGT,FT06,2,50112,67.0
HomoHGT,FT06,3,8064,92.0
HomoHGT,FT06,3,16128,110.0
HomoHGT,FT06,3,24048,97.0
HomoHGT,FT06,3,32112,88.0
HomoHGT,FT06,3,40032,78.0
HomoHGT,FT06,3,48096,67.0
HomoHGT,FT06,3,50112,68.0
HomoHGT,FT06,4,8064,108.0
HomoHGT,FT06,4,16128,112.0
HomoHGT,FT06,4,24048,74.0
HomoHGT,FT06,4,32112,66.0
HomoHGT,FT06,4,40032,66.0
HomoHGT,FT06,4,48096,63.0
HomoHGT,FT06,4,50112,62.0
HomoHGT,FT10,0,8000,2695.0
HomoHGT,FT10,0,16000,2105.0
HomoHGT,FT10,0,24000,1848.0
HomoHGT,FT10,0,32000,2088.0
HomoHGT,FT10,0,40000,1567.0
HomoHGT,FT10,0,48000,1624.0
HomoHGT,FT10,0,50000,1556.0
HomoHGT,FT10,1,8000,2900.0
HomoHGT,FT10,1,16000,2775.0
HomoHGT,FT10,1,24000,2652.0
HomoHGT,FT10,1,32000,1936.0
HomoHGT,FT10,1,40000,1959.0
HomoHGT,FT10,1,48000,1402.0
HomoHGT,FT10,1,50000,1488.0
HomoHGT,FT10,2,8000,2336.0
HomoHGT,FT10,2,16000,2140.0
HomoHGT,FT10,2,24000,1788.0
HomoHGT,FT10,2,32000,1800.0
HomoHGT,FT10,2,40000,2315.0
HomoHGT,FT10,2,48000,2202.0
HomoHGT,FT10,2,50000,2009.0
HomoHGT,FT10,3,8000,2531.0
HomoHGT,FT10,3,16000,1809.0
HomoHGT,FT10,3,24000,1579.0
HomoHGT,FT10,3,32000,1513.0
HomoHGT,FT10,3,40000,1882.0
HomoHGT,FT10,3,48000,1384.0
HomoHGT,FT10,3,50000,1437.0
HomoHGT,FT10,4,8000,2588.0
HomoHGT,FT10,4,16000,2622.0
HomoHGT,FT10,4,24000,2413.0
HomoHGT,FT10,4,32000,1919.0
HomoHGT,FT10,4,40000,1607.0
HomoHGT,FT10,4,48000,1595.0
HomoHGT,FT10,4,50000,1573.0
